product_id,product_name,brand,category,subcategory,price_usd,price_vnd,original_price_usd,discount_percentage,rating,review_count,stock_quantity,warranty_months,description,platform_availability,payment_methods,source_platform,availability,data_source,market_focus,language,extracted_at,crawl_timestamp,product_url,main_category
VN_MARKET_000735,Microsoft Xbox Plus,Microsoft,Electronics,Gaming,445.74,10697760,552.5,14.0,4.7,582,201.0,36.0,High-quality gaming device popular in Vietnamese market,"['Sendo', 'Lazada']","['MoMo', 'Bank_Transfer', 'COD']",Consolidated,True,Vietnam_Market_Analysis,Vietnam,English,2025-10-01T21:37:10.247183,,,General Electronics
VN_MARKET_000736,Sony PlayStation Pro,Sony,Electronics,Gaming,708.04,16992960,821.51,16.0,4.0,1324,235.0,12.0,High-quality gaming device popular in Vietnamese market,"['Shopee', 'Tiki', 'Sendo']","['ZaloPay', 'Bank_Transfer', 'MoMo']",Consolidated,True,Vietnam_Market_Analysis,Vietnam,English,2025-10-01T21:37:10.247183,,,General Electronics
VN_MARKET_000737,Razer Ultra,Razer,Electronics,Gaming,250.29,6006960,310.65,4.6,4.2,1481,213.0,24.0,High-quality gaming device popular in Vietnamese market,"['Tiki', 'Lazada', 'Sendo', 'Shopee']","['Credit_Card', 'MoMo', 'Bank_Transfer', 'ZaloPay', 'COD']",Consolidated,True,Vietnam_Market_Analysis,Vietnam,English,2025-10-01T21:37:10.247183,,,General Electronics
VN_MARKET_000739,Sony PlayStation Ultra,Sony,Electronics,Gaming,678.89,16293360,753.35,9.8,4.6,727,119.0,36.0,High-quality gaming device popular in Vietnamese market,"['Tiki', 'Lazada']","['Bank_Transfer', 'Credit_Card', 'MoMo', 'COD', 'ZaloPay']",Consolidated,True,Vietnam_Market_Analysis,Vietnam,English,2025-10-01T21:37:10.247183,,,General Electronics
VN_MARKET_000742,Razer Pro,Razer,Electronics,Gaming,382.4,9177600,442.08,7.4,4.1,1965,339.0,12.0,High-quality gaming device popular in Vietnamese market,"['Shopee', 'Tiki', 'Sendo', 'Lazada']","['ZaloPay', 'MoMo', 'COD']",Consolidated,True,Vietnam_Market_Analysis,Vietnam,English,2025-10-01T21:37:10.247183,,,General Electronics
VN_MARKET_000743,Sony PlayStation Max,Sony,Electronics,Gaming,553.45,13282800,635.58,24.2,4.0,1336,497.0,24.0,High-quality gaming device popular in Vietnamese market,"['Sendo', 'Tiki', 'Lazada']","['ZaloPay', 'Bank_Transfer', 'MoMo']",Consolidated,True,Vietnam_Market_Analysis,Vietnam,English,2025-10-01T21:37:10.247183,,,General Electronics
VN_MARKET_000745,Microsoft Xbox Pro,Microsoft,Electronics,Gaming,204.56,4909440,243.32,6.0,4.7,495,40.0,36.0,High-quality gaming device popular in Vietnamese market,"['Sendo', 'Shopee', 'Lazada', 'Tiki']","['Credit_Card', 'MoMo', 'COD']",Consolidated,True,Vietnam_Market_Analysis,Vietnam,English,2025-10-01T21:37:10.247183,,,General Electronics
VN_MARKET_000746,Nintendo Ultra,Nintendo,Electronics,Gaming,553.44,13282560,622.8,20.2,3.9,108,173.0,24.0,High-quality gaming device popular in Vietnamese market,"['Tiki', 'Shopee', 'Lazada', 'Sendo']","['COD', 'ZaloPay', 'Bank_Transfer', 'Credit_Card']",Consolidated,True,Vietnam_Market_Analysis,Vietnam,English,2025-10-01T21:37:10.247183,,,General Electronics
VN_MARKET_000747,Razer Standard,Razer,Electronics,Gaming,522.3,12535200,588.03,18.3,4.8,1496,307.0,36.0,High-quality gaming device popular in Vietnamese market,"['Lazada', 'Tiki']","['COD', 'ZaloPay', 'Bank_Transfer', 'MoMo', 'Credit_Card']",Consolidated,True,Vietnam_Market_Analysis,Vietnam,English,2025-10-01T21:37:10.247183,,,General Electronics
VN_MARKET_000749,Nintendo Max,Nintendo,Electronics,Gaming,580.63,13935120,649.03,2.0,3.8,123,444.0,24.0,High-quality gaming device popular in Vietnamese market,"['Shopee', 'Sendo', 'Lazada', 'Tiki']","['COD', 'Credit_Card', 'ZaloPay', 'Bank_Transfer', 'MoMo']",Consolidated,True,Vietnam_Market_Analysis,Vietnam,English,2025-10-01T21:37:10.247183,,,General Electronics
VN_MARKET_000752,Microsoft Xbox Max,Microsoft,Electronics,Gaming,482.15,11571600,574.23,18.4,3.9,527,290.0,24.0,High-quality gaming device popular in Vietnamese market,"['Shopee', 'Sendo', 'Lazada', 'Tiki']","['ZaloPay', 'COD', 'MoMo', 'Bank_Transfer']",Consolidated,True,Vietnam_Market_Analysis,Vietnam,English,2025-10-01T21:37:10.247183,,,General Electronics
VN_MARKET_000755,Nintendo Plus,Nintendo,Electronics,Gaming,410.57,9853680,464.89,19.1,4.2,548,219.0,36.0,High-quality gaming device popular in Vietnamese market,"['Sendo', 'Lazada', 'Shopee', 'Tiki']","['MoMo', 'COD', 'Credit_Card', 'ZaloPay', 'Bank_Transfer']",Consolidated,True,Vietnam_Market_Analysis,Vietnam,English,2025-10-01T21:37:10.247183,,,General Electronics
VN_MARKET_000757,Razer Max,Razer,Electronics,Gaming,264.66,6351840,299.68,13.8,3.8,614,201.0,36.0,High-quality gaming device popular in Vietnamese market,"['Sendo', 'Tiki', 'Shopee', 'Lazada']","['Credit_Card', 'ZaloPay', 'Bank_Transfer']",Consolidated,True,Vietnam_Market_Analysis,Vietnam,English,2025-10-01T21:37:10.247183,,,General Electronics
VN_MARKET_000758,Microsoft Xbox Ultra,Microsoft,Electronics,Gaming,370.54,8892960,474.68,23.3,4.8,961,360.0,24.0,High-quality gaming device popular in Vietnamese market,"['Lazada', 'Shopee']","['MoMo', 'ZaloPay', 'Credit_Card']",Consolidated,True,Vietnam_Market_Analysis,Vietnam,English,2025-10-01T21:37:10.247183,,,General Electronics
VN_MARKET_000762,Nintendo Standard,Nintendo,Electronics,Gaming,477.7,11464800,564.0,8.7,4.5,1685,441.0,24.0,High-quality gaming device popular in Vietnamese market,"['Sendo', 'Shopee', 'Tiki', 'Lazada']","['MoMo', 'Bank_Transfer', 'ZaloPay']",Consolidated,True,Vietnam_Market_Analysis,Vietnam,English,2025-10-01T21:37:10.247183,,,General Electronics
VN_MARKET_000763,Razer Plus,Razer,Electronics,Gaming,342.76,8226240,434.35,15.8,4.8,368,162.0,36.0,High-quality gaming device popular in Vietnamese market,"['Tiki', 'Shopee']","['Bank_Transfer', 'Credit_Card', 'MoMo']",Consolidated,True,Vietnam_Market_Analysis,Vietnam,English,2025-10-01T21:37:10.247183,,,General Electronics
VN_MARKET_000770,Nintendo Pro,Nintendo,Electronics,Gaming,306.2,7348800,343.66,3.6,3.6,677,273.0,12.0,High-quality gaming device popular in Vietnamese market,"['Shopee', 'Sendo', 'Tiki']","['Bank_Transfer', 'ZaloPay', 'COD']",Consolidated,True,Vietnam_Market_Analysis,Vietnam,English,2025-10-01T21:37:10.247183,,,General Electronics
VN_MARKET_000771,Sony PlayStation Plus,Sony,Electronics,Gaming,472.8,11347200,529.19,6.3,4.1,188,434.0,12.0,High-quality gaming device popular in Vietnamese market,"['Shopee', 'Tiki']","['Bank_Transfer', 'MoMo', 'Credit_Card', 'ZaloPay', 'COD']",Consolidated,True,Vietnam_Market_Analysis,Vietnam,English,2025-10-01T21:37:10.247183,,,General Electronics
VN_MARKET_000778,Sony PlayStation Standard,Sony,Electronics,Gaming,527.44,12658560,657.74,14.6,4.7,1827,473.0,12.0,High-quality gaming device popular in Vietnamese market,"['Tiki', 'Lazada', 'Sendo']","['ZaloPay', 'Credit_Card', 'Bank_Transfer', 'COD']",Consolidated,True,Vietnam_Market_Analysis,Vietnam,English,2025-10-01T21:37:10.247183,,,General Electronics
VN_MARKET_000809,Microsoft Xbox Standard,Microsoft,Electronics,Gaming,431.81,10363440,546.45,20.1,4.7,255,156.0,36.0,High-quality gaming device popular in Vietnamese market,"['Lazada', 'Sendo', 'Shopee', 'Tiki']","['MoMo', 'ZaloPay', 'Credit_Card']",Consolidated,True,Vietnam_Market_Analysis,Vietnam,English,2025-10-01T21:37:10.247183,,,General Electronics
VN_MARKET_000833,Apple Watch Standard,Apple,Electronics,Wearables,448.08,10753920,511.13,23.2,4.3,225,477.0,24.0,High-quality wearables device popular in Vietnamese market,"['Shopee', 'Lazada', 'Sendo', 'Tiki']","['COD', 'ZaloPay', 'MoMo', 'Bank_Transfer', 'Credit_Card']",Consolidated,True,Vietnam_Market_Analysis,Vietnam,English,2025-10-01T21:37:10.247183,,,General Electronics
VN_MARKET_000834,Apple Watch Plus,Apple,Electronics,Wearables,316.83,7603920,367.64,3.6,3.8,696,341.0,12.0,High-quality wearables device popular in Vietnamese market,"['Sendo', 'Tiki', 'Lazada']","['ZaloPay', 'MoMo', 'COD', 'Credit_Card']",Consolidated,True,Vietnam_Market_Analysis,Vietnam,English,2025-10-01T21:37:10.247183,,,General Electronics
VN_MARKET_000836,Samsung Galaxy Watch Ultra,Samsung,Electronics,Wearables,333.36,8000640,422.93,9.3,4.8,1113,467.0,36.0,High-quality wearables device popular in Vietnamese market,"['Lazada', 'Tiki', 'Sendo']","['Credit_Card', 'COD', 'ZaloPay']",Consolidated,True,Vietnam_Market_Analysis,Vietnam,English,2025-10-01T21:37:10.247183,,,General Electronics
VN_MARKET_000839,Fitbit Ultra,Fitbit,Electronics,Wearables,125.1,3002400,142.23,22.0,4.4,752,245.0,24.0,High-quality wearables device popular in Vietnamese market,"['Tiki', 'Sendo', 'Lazada', 'Shopee']","['Credit_Card', 'ZaloPay', 'Bank_Transfer']",Consolidated,True,Vietnam_Market_Analysis,Vietnam,English,2025-10-01T21:37:10.247183,,,General Electronics
VN_MARKET_000841,Samsung Galaxy Watch Standard,Samsung,Electronics,Wearables,346.3,8311200,400.83,15.2,4.0,1086,178.0,36.0,High-quality wearables device popular in Vietnamese market,"['Shopee', 'Lazada']","['Bank_Transfer', 'Credit_Card', 'COD', 'ZaloPay']",Consolidated,True,Vietnam_Market_Analysis,Vietnam,English,2025-10-01T21:37:10.247183,,,General Electronics
VN_MARKET_000843,Samsung Galaxy Watch Max,Samsung,Electronics,Wearables,162.37,3896880,186.42,18.6,4.0,977,194.0,24.0,High-quality wearables device popular in Vietnamese market,"['Sendo', 'Lazada', 'Tiki']","['ZaloPay', 'Credit_Card', 'Bank_Transfer', 'COD', 'MoMo']",Consolidated,True,Vietnam_Market_Analysis,Vietnam,English,2025-10-01T21:37:10.247183,,,General Electronics
VN_MARKET_000845,Fitbit Plus,Fitbit,Electronics,Wearables,191.33,4591920,240.72,16.5,4.1,1040,474.0,24.0,High-quality wearables device popular in Vietnamese market,"['Sendo', 'Shopee']","['MoMo', 'Credit_Card', 'COD', 'ZaloPay']",Consolidated,True,Vietnam_Market_Analysis,Vietnam,English,2025-10-01T21:37:10.247183,,,General Electronics
VN_MARKET_000846,Apple Watch Ultra,Apple,Electronics,Wearables,463.7,11128800,567.09,4.2,4.1,264,117.0,12.0,High-quality wearables device popular in Vietnamese market,"['Sendo', 'Shopee', 'Tiki']","['Bank_Transfer', 'MoMo', 'ZaloPay', 'COD']",Consolidated,True,Vietnam_Market_Analysis,Vietnam,English,2025-10-01T21:37:10.247183,,,General Electronics
VN_MARKET_000850,Samsung Galaxy Watch Plus,Samsung,Electronics,Wearables,409.15,9819600,462.64,15.1,4.5,1223,351.0,36.0,High-quality wearables device popular in Vietnamese market,"['Lazada', 'Sendo', 'Tiki', 'Shopee']","['COD', 'Credit_Card', 'ZaloPay', 'Bank_Transfer']",Consolidated,True,Vietnam_Market_Analysis,Vietnam,English,2025-10-01T21:37:10.247183,,,General Electronics
VN_MARKET_000851,Apple Watch Pro,Apple,Electronics,Wearables,58.46,1403040,67.6,1.1,4.2,34,386.0,12.0,High-quality wearables device popular in Vietnamese market,"['Tiki', 'Sendo', 'Shopee']","['Bank_Transfer', 'Credit_Card', 'COD', 'ZaloPay']",Consolidated,True,Vietnam_Market_Analysis,Vietnam,English,2025-10-01T21:37:10.247183,,,General Electronics
VN_MARKET_000855,Fitbit Max,Fitbit,Electronics,Wearables,248.11,5954640,298.17,19.6,5.0,655,45.0,24.0,High-quality wearables device popular in Vietnamese market,"['Tiki', 'Sendo', 'Lazada']","['Credit_Card', 'Bank_Transfer', 'MoMo']",Consolidated,True,Vietnam_Market_Analysis,Vietnam,English,2025-10-01T21:37:10.247183,,,General Electronics
VN_MARKET_000864,Fitbit Standard,Fitbit,Electronics,Wearables,149.43,3586320,168.99,14.9,3.9,500,116.0,36.0,High-quality wearables device popular in Vietnamese market,"['Shopee', 'Tiki', 'Lazada']","['MoMo', 'COD', 'Bank_Transfer', 'ZaloPay']",Consolidated,True,Vietnam_Market_Analysis,Vietnam,English,2025-10-01T21:37:10.247183,,,General Electronics
VN_MARKET_000868,Samsung Galaxy Watch Pro,Samsung,Electronics,Wearables,273.2,6556800,321.52,13.5,4.4,272,48.0,12.0,High-quality wearables device popular in Vietnamese market,"['Shopee', 'Lazada', 'Sendo', 'Tiki']","['MoMo', 'ZaloPay', 'Bank_Transfer', 'Credit_Card', 'COD']",Consolidated,True,Vietnam_Market_Analysis,Vietnam,English,2025-10-01T21:37:10.247183,,,General Electronics
VN_MARKET_000884,Fitbit Pro,Fitbit,Electronics,Wearables,421.81,10123440,530.06,12.3,4.6,706,456.0,12.0,High-quality wearables device popular in Vietnamese market,"['Lazada', 'Sendo', 'Shopee', 'Tiki']","['MoMo', 'ZaloPay', 'Bank_Transfer', 'COD', 'Credit_Card']",Consolidated,True,Vietnam_Market_Analysis,Vietnam,English,2025-10-01T21:37:10.247183,,,General Electronics
VN_MARKET_000897,Apple Watch Max,Apple,Electronics,Wearables,393.26,9438240,440.17,6.3,4.4,1295,53.0,36.0,High-quality wearables device popular in Vietnamese market,"['Lazada', 'Shopee', 'Sendo', 'Tiki']","['Credit_Card', 'COD', 'Bank_Transfer']",Consolidated,True,Vietnam_Market_Analysis,Vietnam,English,2025-10-01T21:37:10.247183,,,General Electronics
CELLPHONES_77fd155b,Samsung Product 9390,Samsung,Electronics,dien-thoai,119.29,2863000,142.92,16.5,4.3,562,0.0,12.0,"Sản phẩm Product 9390 chính hãng, bảo hành 12 tháng",Online,Multiple,cellphones,True,Vietnamese_Crawled,Vietnam,English,2025-10-01T21:37:10.247183,,,General Electronics
CELLPHONES_37b67deb,Samsung Product 1816,Samsung,Electronics,dien-thoai,1067.17,25612000,,,4.3,412,0.0,12.0,"Sản phẩm Product 1816 chính hãng, bảo hành 12 tháng",Online,Multiple,cellphones,True,Vietnamese_Crawled,Vietnam,English,2025-10-01T21:37:10.247183,,,General Electronics
CELLPHONES_02fe8459,Samsung Product 8265,Samsung,Electronics,dien-thoai,931.62,22359000,1124.12,17.1,4.3,797,0.0,12.0,"Sản phẩm Product 8265 chính hãng, bảo hành 12 tháng",Online,Multiple,cellphones,True,Vietnamese_Crawled,Vietnam,English,2025-10-01T21:37:10.247183,,,General Electronics
CELLPHONES_af169ba0,Samsung Product 9441,Samsung,Electronics,tai-nghe,186.38,4473000,,,3.6,187,0.0,12.0,"Sản phẩm Product 9441 chính hãng, bảo hành 12 tháng",Online,Multiple,cellphones,True,Vietnamese_Crawled,Vietnam,English,2025-10-01T21:37:10.247183,,,General Electronics
CELLPHONES_b384134e,Samsung Product 8792,Samsung,Electronics,tai-nghe,828.92,19894000,936.71,11.5,4.3,807,0.0,12.0,"Sản phẩm Product 8792 chính hãng, bảo hành 12 tháng",Online,Multiple,cellphones,True,Vietnamese_Crawled,Vietnam,English,2025-10-01T21:37:10.247183,,,General Electronics
CELLPHONES_e4408889,Samsung Product 4571,Samsung,Electronics,tai-nghe,536.21,12869000,734.67,27.0,4.4,260,0.0,12.0,"Sản phẩm Product 4571 chính hãng, bảo hành 12 tháng",Online,Multiple,cellphones,True,Vietnamese_Crawled,Vietnam,English,2025-10-01T21:37:10.247183,,,General Electronics
CELLPHONES_76bf9f2d,Samsung Product 3420,Samsung,Electronics,loa-bluetooth,1031.38,24753000,,,3.6,1369,0.0,12.0,"Sản phẩm Product 3420 chính hãng, bảo hành 12 tháng",Online,Multiple,cellphones,True,Vietnamese_Crawled,Vietnam,English,2025-10-01T21:37:10.247183,,,General Electronics
CELLPHONES_a8739b67,Samsung Product 6532,Samsung,Electronics,sac-du-phong,96.38,2313000,,,4.9,770,0.0,12.0,"Sản phẩm Product 6532 chính hãng, bảo hành 12 tháng",Online,Multiple,cellphones,True,Vietnamese_Crawled,Vietnam,English,2025-10-01T21:37:10.247183,,,General Electronics
CELLPHONES_4df5ee13,Samsung Product 8904,Samsung,Electronics,sac-du-phong,646.54,15517000,874.83,26.1,3.7,137,0.0,12.0,"Sản phẩm Product 8904 chính hãng, bảo hành 12 tháng",Online,Multiple,cellphones,True,Vietnamese_Crawled,Vietnam,English,2025-10-01T21:37:10.247183,,,General Electronics
FPTSHOP_0a013df1,Samsung Product 8796,Samsung,Electronics,dien-thoai,1461.58,35078000,,,4.7,299,0.0,12.0,"Sản phẩm Product 8796 chính hãng, bảo hành 12 tháng",Online,Multiple,fptshop,True,Vietnamese_Crawled,Vietnam,English,2025-10-01T21:37:10.247183,,,General Electronics
FPTSHOP_1adb1ffa,Samsung Product 6674,Samsung,Electronics,dien-thoai,462.88,11109000,549.33,15.7,4.3,532,0.0,12.0,"Sản phẩm Product 6674 chính hãng, bảo hành 12 tháng",Online,Multiple,fptshop,True,Vietnamese_Crawled,Vietnam,English,2025-10-01T21:37:10.247183,,,General Electronics
FPTSHOP_7b2a09e4,Samsung Product 9129,Samsung,Electronics,dong-ho-thong-minh,1802.79,43267000,2017.54,10.6,4.0,1535,0.0,12.0,"Sản phẩm Product 9129 chính hãng, bảo hành 12 tháng",Online,Multiple,fptshop,True,Vietnamese_Crawled,Vietnam,English,2025-10-01T21:37:10.247183,,,General Electronics
FPTSHOP_462db80b,Samsung Product 3199,Samsung,Electronics,dong-ho-thong-minh,1661.79,39883000,1947.88,14.7,4.7,813,0.0,12.0,"Sản phẩm Product 3199 chính hãng, bảo hành 12 tháng",Online,Multiple,fptshop,True,Vietnamese_Crawled,Vietnam,English,2025-10-01T21:37:10.247183,,,General Electronics
FPTSHOP_de48d7ad,Samsung Product 1003,Samsung,Electronics,loa,662.12,15891000,983.83,32.7,4.0,106,0.0,12.0,"Sản phẩm Product 1003 chính hãng, bảo hành 12 tháng",Online,Multiple,fptshop,True,Vietnamese_Crawled,Vietnam,English,2025-10-01T21:37:10.247183,,,General Electronics
FPTSHOP_09434d4f,Samsung Product 7971,Samsung,Electronics,loa,842.96,20231000,1215.75,30.7,3.9,866,0.0,12.0,"Sản phẩm Product 7971 chính hãng, bảo hành 12 tháng",Online,Multiple,fptshop,True,Vietnamese_Crawled,Vietnam,English,2025-10-01T21:37:10.247183,,,General Electronics
FPTSHOP_bc484bea,Samsung Product 4384,Samsung,Electronics,loa,366.5,8796000,439.75,16.7,4.5,666,0.0,12.0,"Sản phẩm Product 4384 chính hãng, bảo hành 12 tháng",Online,Multiple,fptshop,True,Vietnamese_Crawled,Vietnam,English,2025-10-01T21:37:10.247183,,,General Electronics
FPTSHOP_4a580ef1,Samsung Product 6431,Samsung,Electronics,loa,694.5,16668000,895.67,22.5,3.7,105,0.0,12.0,"Sản phẩm Product 6431 chính hãng, bảo hành 12 tháng",Online,Multiple,fptshop,True,Vietnamese_Crawled,Vietnam,English,2025-10-01T21:37:10.247183,,,General Electronics
FPTSHOP_01090339,Samsung Product 3044,Samsung,Electronics,phu-kien,915.54,21973000,1321.25,30.7,4.3,314,0.0,12.0,"Sản phẩm Product 3044 chính hãng, bảo hành 12 tháng",Online,Multiple,fptshop,True,Vietnamese_Crawled,Vietnam,English,2025-10-01T21:37:10.247183,,,General Electronics
FPTSHOP_114f6da2,Samsung Product 6948,Samsung,Electronics,phu-kien,295.42,7090000,417.33,29.2,4.5,1121,0.0,12.0,"Sản phẩm Product 6948 chính hãng, bảo hành 12 tháng",Online,Multiple,fptshop,True,Vietnamese_Crawled,Vietnam,English,2025-10-01T21:37:10.247183,,,General Electronics
FPTSHOP_193651db,Samsung Product 2472,Samsung,Electronics,may-tinh-ban,1736.88,41685000,,,4.3,884,0.0,12.0,"Sản phẩm Product 2472 chính hãng, bảo hành 12 tháng",Online,Multiple,fptshop,True,Vietnamese_Crawled,Vietnam,English,2025-10-01T21:37:10.247183,,,General Electronics
FPTSHOP_1c66805d,Samsung Product 8300,Samsung,Electronics,dien-thoai,1678.75,40290000,,,4.3,1044,0.0,12.0,"Sản phẩm Product 8300 chính hãng, bảo hành 12 tháng",Online,Multiple,fptshop,True,Vietnamese_Crawled,Vietnam,English,2025-10-01T21:37:10.247183,,,General Electronics
FPTSHOP_10c81ec8,Samsung Product 5673,Samsung,Electronics,dien-thoai,195.88,4701000,285.88,31.5,4.0,1345,0.0,12.0,"Sản phẩm Product 5673 chính hãng, bảo hành 12 tháng",Online,Multiple,fptshop,True,Vietnamese_Crawled,Vietnam,English,2025-10-01T21:37:10.247183,,,General Electronics
FPTSHOP_af2014d3,Samsung Product 9350,Samsung,Electronics,dien-thoai,1144.04,27457000,1509.62,24.2,4.4,1956,0.0,12.0,"Sản phẩm Product 9350 chính hãng, bảo hành 12 tháng",Online,Multiple,fptshop,True,Vietnamese_Crawled,Vietnam,English,2025-10-01T21:37:10.247183,,,General Electronics
FPTSHOP_f763a5dc,Samsung Product 7407,Samsung,Electronics,dong-ho-thong-minh,1077.62,25863000,,,4.3,1868,0.0,12.0,"Sản phẩm Product 7407 chính hãng, bảo hành 12 tháng",Online,Multiple,fptshop,True,Vietnamese_Crawled,Vietnam,English,2025-10-01T21:37:10.247183,,,General Electronics
FPTSHOP_0e373feb,Samsung Product 1117,Samsung,Electronics,loa,371.12,8907000,542.38,31.6,3.8,915,0.0,12.0,"Sản phẩm Product 1117 chính hãng, bảo hành 12 tháng",Online,Multiple,fptshop,True,Vietnamese_Crawled,Vietnam,English,2025-10-01T21:37:10.247183,,,General Electronics
FPTSHOP_68a535c6,Samsung Product 5285,Samsung,Electronics,loa,135.0,3240000,181.71,25.7,4.9,1045,0.0,12.0,"Sản phẩm Product 5285 chính hãng, bảo hành 12 tháng",Online,Multiple,fptshop,True,Vietnamese_Crawled,Vietnam,English,2025-10-01T21:37:10.247183,,,General Electronics
FPTSHOP_7e7f2cf7,Samsung Product 3022,Samsung,Electronics,loa,1706.21,40949000,1966.83,13.3,3.8,1722,0.0,12.0,"Sản phẩm Product 3022 chính hãng, bảo hành 12 tháng",Online,Multiple,fptshop,False,Vietnamese_Crawled,Vietnam,English,2025-10-01T21:37:10.247183,,,General Electronics
FPTSHOP_ac1e5e5a,Samsung Product 1766,Samsung,Electronics,may-tinh-ban,46.08,1106000,56.04,17.8,3.7,1846,0.0,12.0,"Sản phẩm Product 1766 chính hãng, bảo hành 12 tháng",Online,Multiple,fptshop,True,Vietnamese_Crawled,Vietnam,English,2025-10-01T21:37:10.247183,,,General Electronics
FPTSHOP_1b058ff8,Samsung Product 9505,Samsung,Electronics,may-tinh-ban,353.96,8495000,469.08,24.5,3.6,1335,0.0,12.0,"Sản phẩm Product 9505 chính hãng, bảo hành 12 tháng",Online,Multiple,fptshop,True,Vietnamese_Crawled,Vietnam,English,2025-10-01T21:37:10.247183,,,General Electronics
SENDO_07dadeaa,Samsung Product 8894,Samsung,Electronics,dien-thoai-may-tinh-bang,981.92,23566000,1183.79,17.1,3.6,446,0.0,12.0,"Sản phẩm Product 8894 chính hãng, bảo hành 12 tháng",Online,Multiple,sendo,False,Vietnamese_Crawled,Vietnam,English,2025-10-01T21:37:10.247183,,,General Electronics
SENDO_76708df6,Samsung Product 3484,Samsung,Electronics,dien-thoai-may-tinh-bang,1188.38,28521000,,,4.5,1228,0.0,12.0,"Sản phẩm Product 3484 chính hãng, bảo hành 12 tháng",Online,Multiple,sendo,True,Vietnamese_Crawled,Vietnam,English,2025-10-01T21:37:10.247183,,,General Electronics
SENDO_b0b8ab59,Samsung Product 8877,Samsung,Electronics,dien-thoai-may-tinh-bang,677.04,16249000,,,4.7,1659,0.0,12.0,"Sản phẩm Product 8877 chính hãng, bảo hành 12 tháng",Online,Multiple,sendo,True,Vietnamese_Crawled,Vietnam,English,2025-10-01T21:37:10.247183,,,General Electronics
SENDO_5dcc8bc1,Samsung Product 4831,Samsung,Electronics,dien-thoai-may-tinh-bang,497.83,11948000,617.58,19.4,4.8,24,0.0,12.0,"Sản phẩm Product 4831 chính hãng, bảo hành 12 tháng",Online,Multiple,sendo,True,Vietnamese_Crawled,Vietnam,English,2025-10-01T21:37:10.247183,,,General Electronics
SENDO_51f7300e,Samsung Product 5405,Samsung,Electronics,dien-thoai-may-tinh-bang,496.04,11905000,676.5,26.7,4.0,1891,0.0,12.0,"Sản phẩm Product 5405 chính hãng, bảo hành 12 tháng",Online,Multiple,sendo,True,Vietnamese_Crawled,Vietnam,English,2025-10-01T21:37:10.247183,,,General Electronics
SENDO_305d1b4f,Samsung Product 2656,Samsung,Electronics,thiet-bi-so-phu-kien-so,707.83,16988000,,,4.4,75,0.0,12.0,"Sản phẩm Product 2656 chính hãng, bảo hành 12 tháng",Online,Multiple,sendo,True,Vietnamese_Crawled,Vietnam,English,2025-10-01T21:37:10.247183,,,General Electronics
SENDO_2a276ddb,Samsung Product 9401,Samsung,Electronics,thiet-bi-so-phu-kien-so,47.67,1144000,,,4.0,1936,0.0,12.0,"Sản phẩm Product 9401 chính hãng, bảo hành 12 tháng",Online,Multiple,sendo,True,Vietnamese_Crawled,Vietnam,English,2025-10-01T21:37:10.247183,,,General Electronics
TIKI_60d9bc41,Samsung Product 5919,Samsung,Electronics,dien-thoai-may-tinh-bang,832.83,19988000,1047.62,20.5,4.5,1802,0.0,12.0,"Sản phẩm Product 5919 chính hãng, bảo hành 12 tháng",Online,Multiple,tiki,True,Vietnamese_Crawled,Vietnam,English,2025-10-01T21:37:10.247183,,,General Electronics
TIKI_3cadbe8b,Samsung Product 6678,Samsung,Electronics,dien-thoai-may-tinh-bang,151.67,3640000,196.54,22.8,4.3,1655,0.0,12.0,"Sản phẩm Product 6678 chính hãng, bảo hành 12 tháng",Online,Multiple,tiki,True,Vietnamese_Crawled,Vietnam,English,2025-10-01T21:37:10.247183,,,General Electronics
TIKI_608ec6f3,Samsung Product 9900,Samsung,Electronics,dien-thoai-may-tinh-bang,1225.5,29412000,1606.0,23.7,4.4,1597,0.0,12.0,"Sản phẩm Product 9900 chính hãng, bảo hành 12 tháng",Online,Multiple,tiki,True,Vietnamese_Crawled,Vietnam,English,2025-10-01T21:37:10.247183,,,General Electronics
TIKI_ebc13d25,Samsung Product 1826,Samsung,Electronics,dien-thoai-may-tinh-bang,75.17,1804000,93.21,19.4,3.6,93,0.0,12.0,"Sản phẩm Product 1826 chính hãng, bảo hành 12 tháng",Online,Multiple,tiki,True,Vietnamese_Crawled,Vietnam,English,2025-10-01T21:37:10.247183,,,General Electronics
TIKI_689278d8,Samsung Product 4642,Samsung,Electronics,dien-tu-dien-lanh,1097.58,26342000,1225.83,10.5,4.4,355,0.0,12.0,"Sản phẩm Product 4642 chính hãng, bảo hành 12 tháng",Online,Multiple,tiki,True,Vietnamese_Crawled,Vietnam,English,2025-10-01T21:37:10.247183,,,General Electronics
TIKI_581e38b6,Samsung Product 5089,Samsung,Electronics,dien-tu-dien-lanh,180.54,4333000,256.67,29.7,4.2,1796,0.0,12.0,"Sản phẩm Product 5089 chính hãng, bảo hành 12 tháng",Online,Multiple,tiki,True,Vietnamese_Crawled,Vietnam,English,2025-10-01T21:37:10.247183,,,General Electronics
TIKI_8ce80615,Samsung Product 4254,Samsung,Electronics,dien-tu-dien-lanh,936.62,22479000,1271.21,26.3,3.6,193,0.0,12.0,"Sản phẩm Product 4254 chính hãng, bảo hành 12 tháng",Online,Multiple,tiki,True,Vietnamese_Crawled,Vietnam,English,2025-10-01T21:37:10.247183,,,General Electronics
TIKI_836b536e,Samsung Product 4606,Samsung,Electronics,may-anh,472.04,11329000,533.54,11.5,5.0,234,0.0,12.0,"Sản phẩm Product 4606 chính hãng, bảo hành 12 tháng",Online,Multiple,tiki,True,Vietnamese_Crawled,Vietnam,English,2025-10-01T21:37:10.247183,,,General Electronics
TIKI_64b1b101,Samsung Product 7619,Samsung,Electronics,may-anh,792.08,19010000,1162.5,31.9,4.7,1258,0.0,12.0,"Sản phẩm Product 7619 chính hãng, bảo hành 12 tháng",Online,Multiple,tiki,True,Vietnamese_Crawled,Vietnam,English,2025-10-01T21:37:10.247183,,,General Electronics
